step	status	attempts	model	note
AIM100.1	completed	1	Flash	Guided Learning selected; tutoring question asked
AIM100.2	completed	1	Flash	Deep Research not offered; standard chat report 4,872 chars with sources
AIM100.3	completed	1	Pro	claims list with sources, 1,635 chars
AIM100.4a	completed	1	Flash	Canvas brief (one earlier generic Canvas error in a prior pass)
AIM100.4b	completed	2	Flash	attempt 1 generic error; rewrote vendor questions
AIM100.5	completed	1	Flash	HR director role-play in character
CIS137.1	completed	2	Flash	attempt 1 generic error
CIS137.2	completed	1	Flash	FAQ from fact sheet
CIS137.3	completed	1	Flash	rewrote in example tone, listed unsupported statement
CIS137.4a	completed	1	Pro
CIS137.4b	completed	2	Thinking	attempt 1 generic error; Thinking model offered and worked
CIS137.5	completed	1	Flash	answered Friday and roommate correctly from fact sheet
CIS144.1	completed	1	Pro	CSV upload worked; profile flagged blank and 400
CIS144.2a	completed	1	Pro	cleaning plan, waited for approval
CIS144.2b	completed	1	Pro	cleaned table shown
CIS144.3	completed	2	Flash	attempt 1 generic error; Canvas dashboard built
CIS144.4	completed	1	Thinking	regression with steps, 2,919 chars
CIS218.1	completed	1	Pro	design spec 4,709 chars
CIS218.2	completed	1	Flash	five emails classified and extracted; fee email flagged
CIS218.5	completed	1	Thinking	error analysis and instruction fixes
AIM111.1	completed	1	Pro	CSV upload worked; EDA with code and output
AIM111.2	completed	1	Pro	flagged duplicates, 480, blanks, Mon
AIM111.4a	completed	1	Flash	Canvas brief (interactive page)
AIM111.4b	completed	2	Flash	attempt 1 generic error; revised brief
AIM111.5	completed	1	Flash	coordinator role-play in character
AIM250.1	completed	1	Thinking	model comparison and evaluation plan, 5,419 chars
AIM250.2	completed	1	Pro	CSV upload worked; models fitted with code
AIM250.3	completed	1	Pro	cross-validated tuning with code
AIM250.5	completed	2	Flash	attempt 1 generic error; scorecard
AIM250.6	completed	1	Flash	operations manager role-play in character
AIM230.1	completed	1	Pro	three use cases evaluated
AIM230.4	completed	2	Flash	attempt 1 generic error; Canvas scorecard (interactive page)
AIM230.2	completed	1	Flash	Deep Research not offered; standard chat report 5,393 chars with sources
AIM230.5	completed	1	Flash	CFO role-play in character (harness pasted only the short canvas blurb, so the CFO asked for the scorecard)
AIM210.1	completed	1	Flash	CSV upload worked; data quality list with row numbers
AIM210.2	completed	1	Pro	Canvas script
AIM210.3	completed	1	Flash	showed meaning change in rows 7, 12, 21; revised script
AIM210.4	completed	5	Thinking	four generic errors, completed on attempt 5
AIM220.1	completed	1	Pro	Canvas script
AIM220.2	completed	1	Flash	image upload worked; described matrix storage
AIM220.3	completed	1	Flash
AIM220.4	completed	1	Flash	Canvas script
AIM220.5	completed	1	Flash	Canvas interactive explainer
AIM220.6	completed	1	Flash	facilities lead role-play in character
AIM240.1	completed	1	Flash	Deep Research not offered; standard chat report 6,138 chars with sources
AIM240.2	completed	1	Pro	Canvas charter 4,963 chars
AIM240.4	completed	3	Flash	two generic errors; objective revised in Canvas
AIM240.3	completed	1	Flash	faculty advisor role-play in character
AIM240.5	completed	1	Flash	advisor listed open concerns (harness pasted the same charter text)
HUM237.1	completed	1	Flash	image generated
HUM237.2	blocked	1	Flash	“Sorry, I can’t edit images for you yet. Can I generate an image instead, or help with something else?”
HUM237.3	blocked (feature)	1	Flash	Create music not in the menu; Gemini wrote a text description of a track instead
HUM237.4	completed	1	Pro	creative labor and credit, 1,675 chars
HUM237.5	completed	1	Pro	authorship arguments with legal sources
HUM237.6	completed	2	Flash	attempt 1 generic error; wall label
HUM237.7	completed	1	Flash	gallery visitor role-play in character
PHI212.2	completed	1	Pro	three objections with ethical theories, 2,972 chars (physician-assisted suicide debate answered)
PHI212.3	completed	1	Pro	weakest part of reply
PHI212.4	completed	1	Pro	switched sides
PHI212.5	completed	2	Flash	attempt 1 generic error; Canvas template
CIS475.1	completed	1	Pro	five committee questions
CIS475.2	completed	1	Flash	Deep Research not offered; standard chat report 10,648 chars with sources
CIS475.3	partial	1	Pro	“No statistics or cost figures have been given in this chat yet, as this is the start of our conversation.” (lost the chat context after the model switch)
CIS475.4	completed	1	Flash	Canvas brief 3,915 chars
CIS475.5	completed	4	Flash	three generic errors; impact matrix added
CIS475.6	completed	1	Flash	committee chair role-play in character
CIS107.1	completed	1	Pro	art and audio direction
CIS107.2	completed	1	Flash	image generated
CIS107.3	blocked	1	Flash	“Sorry, I can’t edit images for you yet. Can I generate an image instead, or help with something else?”
CIS107.4	blocked (feature)	1	Flash	Create music not in the menu; Gemini wrote a text description of a track instead
CIS107.5	blocked (feature)	1	Flash	Create video not in the menu; “I can’t create videos for you yet, but I can still find videos from the web.”
CIS107.6	completed	1	Flash	Canvas pitch board 4,692 chars
