customer_id,tenure_months,service_calls_last_year,monthly_fee,has_autopay,renewed
5001,56,2,35,0,1
5002,116,0,24,1,1
5003,88,5,50,0,0
5004,100,3,71,1,1
5005,20,6,49,1,1
5006,113,4,71,0,0
5007,119,0,61,1,1
5008,103,4,50,1,1
5009,14,1,67,1,1
5010,29,4,44,1,1
5011,45,4,58,1,1
5012,29,4,22,0,0
5013,43,3,54,1,1
5014,45,4,84,1,1
5015,43,1,22,1,1
5016,23,0,52,1,1
5017,56,0,63,1,1
5018,56,3,84,1,1
5019,25,0,51,1,1
5020,1,0,85,1,1
5021,88,5,44,1,1
5022,86,1,61,0,1
5023,109,2,34,1,1
5024,65,3,58,1,0
5025,52,3,56,1,1
5026,54,2,67,0,1
5027,79,3,57,0,1
5028,39,1,55,0,1
5029,78,0,60,1,1
5030,87,2,46,1,0
5031,22,2,29,1,0
5032,82,1,61,1,1
5033,87,0,58,0,1
5034,19,1,22,0,1
5035,79,0,28,1,1
5036,74,1,43,1,1
5037,64,3,70,1,1
5038,89,1,19,1,1
5039,100,5,73,0,0
5040,67,0,78,1,0
5041,118,0,34,0,1
5042,86,1,86,1,1
5043,41,6,75,1,1
5044,115,2,83,1,1
5045,58,1,39,1,1
5046,58,3,52,1,1
5047,36,3,85,1,1
5048,36,2,75,0,1
5049,31,0,53,1,1
5050,11,1,36,1,1
5051,89,0,38,1,1
5052,54,3,71,0,1
5053,54,1,26,1,1
5054,50,0,21,1,1
5055,49,4,80,1,1
5056,39,0,68,1,1
5057,69,4,88,1,1
5058,63,4,47,0,1
5059,4,1,68,1,1
5060,103,1,70,1,1
5061,118,3,35,1,1
5062,4,6,69,1,1
5063,4,2,29,1,1
5064,111,2,78,0,1
5065,49,0,60,1,1
5066,44,0,67,1,1
5067,33,1,29,1,1
5068,70,2,25,1,1
5069,29,6,27,1,1
5070,6,4,22,1,1
5071,108,5,21,0,0
5072,17,2,79,0,1
5073,28,3,78,1,1
5074,22,3,33,1,1
5075,40,3,32,0,0
5076,74,2,67,1,1
5077,26,1,28,1,1
5078,32,2,32,1,1
5079,109,3,34,1,1
5080,101,4,24,1,1
5081,85,1,66,1,1
5082,44,0,20,1,1
5083,14,4,74,1,1
5084,115,6,77,1,1
5085,23,3,85,1,1
5086,79,6,87,1,1
5087,56,3,53,1,1
5088,107,1,30,0,1
5089,32,1,78,1,1
5090,49,2,62,1,1
5091,24,0,81,1,1
5092,44,0,54,1,1
5093,113,5,54,1,1
5094,25,2,29,1,1
5095,63,1,49,1,1
5096,92,3,81,1,1
5097,12,1,56,0,1
5098,32,1,58,1,1
5099,61,3,89,1,1
5100,96,2,89,1,1
5101,59,1,53,1,1
5102,16,1,43,0,1
5103,69,1,42,1,1
5104,62,0,54,1,1
5105,77,3,55,1,0
5106,38,6,48,0,0
5107,2,1,87,1,1
5108,7,0,89,0,1
5109,82,1,81,0,1
5110,74,0,55,0,1
5111,44,2,42,1,1
5112,111,6,80,1,1
5113,52,0,81,0,1
5114,88,0,25,1,1
5115,39,0,29,1,1
5116,72,6,72,0,0
5117,29,2,85,1,1
5118,39,1,73,1,1
5119,8,1,31,1,0
5120,81,5,46,0,0
5121,21,1,49,0,1
5122,21,0,19,0,1
5123,77,1,79,1,1
5124,37,1,55,0,1
5125,10,3,48,1,1
5126,76,5,44,1,1
5127,29,1,38,1,1
5128,10,5,26,0,1
5129,77,0,55,1,1
5130,89,1,57,1,1
5131,65,3,88,1,1
5132,77,2,24,0,1
5133,42,5,51,1,1
5134,87,0,21,0,1
5135,106,6,53,1,1
5136,61,2,85,0,1
5137,24,2,74,1,1
5138,12,2,79,1,1
5139,42,1,32,1,1
5140,53,4,82,1,1
5141,105,1,89,1,1
5142,41,0,51,0,0
5143,111,1,84,1,1
5144,85,4,88,0,0
5145,25,2,85,0,1
5146,81,1,75,1,1
5147,35,3,89,0,1
5148,57,0,81,1,1
5149,78,0,49,1,1
5150,71,3,20,1,1
