id,comment
1,"The new salad bar is great, lots of fresh options."
2,Lunch line took about ten minutes today.
3,Loved the breakfast burritos this morning!
4,The soup was cold again.
5,Staff were friendly and helpful at the register.
6,Prices went up and portions got smaller.
7,The pizza was not good and the crust was soggy.
8,Coffee is fine. Nothing special.
9,THE FRIES ARE ALWAYS COLD. FIX IT.
10,Thank you for adding vegan options 🙂
11,I waited 25 minutes for a sandwich.
12,There were no clean tables at noon.
13,Tacos on Tuesday were worth the wait.
14,The line is too long between classes.
15,"This line is a joke, does anyone back there even care?"
16,Recieved the wrong order twice this week.
17,Great value for the meal plan.
18,The cashier was rude and ignored me.
19,"Pasta was fine, a little bland."
20,Why is the grill closed at 2 pm? Ridiculous.
21,The service wasn’t fast but the food was hot.
22,WORST BURGER I HAVE EVER HAD.
23,More fruit at breakfast would be nice.
24,The new hours are definately better.
25,Whoever runs this place should be embarrassed. Dirty trays everywhere.
26,Fries were crispy and the waiting was short 👍
27,The menu board is hard to read from the line.
28,Chicken was undercooked. Gross. I want a refund.
29,Dessert selction is small but good.
30,The soup was cold again.
