visit_id,visit_date,household_size,items_taken,wait_minutes,day_of_week,first_visit
1001,2026-09-09,5,8,9,Wednesday,Y
1002,2026-09-21,4,11,21,Mon,N
1003,2026-09-08,2,4,14,Tuesday,N
1004,2026-09-15,1,9,14,Tuesday,Y
1005,2026-09-22,4,17,,Tuesday,N
1006,2026-09-11,2,20,18,Friday,N
1007,2026-09-25,4,14,17,Friday,Y
1008,2026-09-23,4,5,3,Wednesday,Y
1009,2026-09-11,6,8,23,Friday,Y
1010,2026-09-21,4,17,30,Mon,N
1011,2026-09-24,1,6,14,Thursday,N
1012,2026-09-10,3,16,11,Thursday,N
1013,2026-09-07,6,11,30,Mon,Y
1014,2026-09-23,1,12,18,Wednesday,Y
1015,2026-09-11,3,8,26,Friday,Y
1016,2026-09-17,4,3,9,Thursday,N
1017,2026-09-16,2,4,,Wednesday,Y
1018,2026-09-09,6,18,4,Wednesday,Y
1019,2026-09-11,6,18,15,Friday,N
1020,2026-09-23,5,16,8,Wednesday,Y
1021,2026-09-16,4,14,16,Wednesday,N
1022,2026-09-10,2,10,8,Thursday,N
1023,2026-09-07,5,20,480,Mon,Y
1024,2026-09-07,1,4,21,Mon,Y
1025,2026-09-08,3,5,20,Tuesday,Y
1026,2026-09-15,6,18,10,Tuesday,Y
1027,2026-09-25,5,18,17,Friday,N
1028,2026-09-21,2,6,17,Monday,N
1029,2026-09-18,4,16,,Friday,Y
1030,2026-09-10,1,15,16,Thursday,Y
1031,2026-09-14,2,9,28,Monday,Y
1032,2026-09-21,2,11,28,Monday,Y
1033,2026-09-09,4,20,5,Wednesday,Y
1034,2026-09-24,1,5,13,Thursday,Y
1035,2026-09-21,4,18,20,Monday,N
1036,2026-09-08,2,15,4,Tuesday,N
1037,2026-09-15,4,12,17,Tuesday,N
1038,2026-09-11,2,12,16,Friday,Y
1039,2026-09-25,6,20,11,Friday,N
1040,2026-09-08,1,18,20,Tuesday,Y
1041,2026-09-08,5,5,9,Tuesday,Y
1042,2026-09-09,6,10,14,Wednesday,Y
1043,2026-09-25,2,4,12,Friday,N
1044,2026-09-25,5,19,,Friday,N
1045,2026-09-14,6,13,21,Monday,N
1046,2026-09-21,2,12,28,Monday,N
1047,2026-09-09,1,17,5,Wednesday,Y
1048,2026-09-24,2,19,14,Thursday,Y
1049,2026-09-18,1,10,21,Friday,N
1050,2026-09-14,4,20,23,Monday,Y
1051,2026-09-24,3,6,10,Thursday,N
1052,2026-09-10,1,20,10,Thursday,N
1053,2026-09-16,5,9,12,Wednesday,Y
1054,2026-09-15,5,18,12,Tuesday,Y
1055,2026-09-09,6,16,10,Wednesday,Y
1056,2026-09-07,3,7,22,Monday,Y
1057,2026-09-21,5,16,14,Monday,Y
1058,2026-09-09,6,7,3,Wednesday,N
1010,2026-09-21,4,17,30,Mon,N
1033,2026-09-09,4,20,5,Wednesday,Y
